pollTime,hour,account,accountLabel,campaignId,campaignName,spend,purchases,purchaseValue,roas
2026-08-12 00:30:41,00:00,906987379684182,1팀,120228320649100200,01.통살(ASC)(101010)_TCPA16000_A+SC 캠페인_ALL_V1C7_수_표준기여_2336,6916,0,0,0
2026-08-12 00:30:41,00:00,906987379684182,1팀,120228788396590200,01.통살(ASC)(메가딜)_TCPA20000_A+SC 캠페인_ALL_V1C7_수_표준기여_1874,10567,0,0,0
2026-08-12 00:30:41,00:00,906987379684182,1팀,120230755324960200,07.크리스피(ASC)(메가딜)_A+SC 캠페인_구매최적화_수_표준기여_2464,2199,0,0,0
2026-08-12 00:30:41,00:00,906987379684182,1팀,120237509836570200,07.크리스피(ASC)(메가딜)_TCPA16000_A+SC 캠페인_ALL_수_표준기여_2464,9452,0,0,0
2026-08-12 00:30:41,00:00,906987379684182,1팀,120243001852340200,01.통살(ASC)(101010)_TCPA16000_A+SC 캠페인_ALL_V1C7_수_표준기여_2336_02,1359,0,0,0
2026-08-12 00:30:41,00:00,906987379684182,1팀,120243258462660200,07.크리스피(ASC)(101010)_A+SC 캠페인_구매최적화_수_표준기여_2659_260322,12181,0,0,0
2026-08-12 00:30:41,00:00,906987379684182,1팀,120243592510760200,16.안심크리스피(ASC)(메가딜)_TCPA14000_A+SC 캠페인_ALL_C7_수_표준기여_2863_260327,4605,0,0,0
2026-08-12 00:30:41,00:00,906987379684182,1팀,120244128322750200,01.통살(ASC)(101010)_TCPA16000_A+SC 캠페인_ALL_V1C7_수_표준기여_2336_03,1731,0,0,0
2026-08-12 00:30:41,00:00,906987379684182,1팀,120244130427210200,07.크리스피(ASC)(메가딜)_A+SC 캠페인_구매최적화_수_표준기여_2464_260404,5133,0,0,0
2026-08-12 00:30:41,00:00,906987379684182,1팀,120244370408130200,17.안심볶음밥(ASC)(메가딜)_TCPA_A+SC 캠페인_ALL_C7_수_표준기여_2903_260409,2989,0,0,0
2026-08-12 00:30:41,00:00,906987379684182,1팀,120246157174550200,17.안심볶음밥(ASC)(메가딜)_A+SC 캠페인_구매최적화_수_표준기여_2903_260507_남자,3975,0,0,0
2026-08-12 00:30:41,00:00,906987379684182,1팀,120246224683700200,17.안심볶음밥(ASC)(메가딜)_A+SC 캠페인_구매최적화_수_표준기여_2903_260507_남자_02,13667,0,0,0
2026-08-12 00:30:41,00:00,906987379684182,1팀,120246397028850200,07.크리스피(ASC)(통합)_A+SC 캠페인_구매최적화_수_표준기여_통합_260511,12108,0,0,0
2026-08-12 00:30:41,00:00,906987379684182,1팀,120246898203940200,03.닭다리살(ASC)(1010)_A+SC캠페인_구매최적화_수_표준기여_2604_260519,3266,0,0,0
2026-08-12 00:30:41,00:00,906987379684182,1팀,120246898384670200,03.닭다리살(ASC)(1010)_TROAS_A+SC캠페인_구매최적화_값_표준기여_2604_260519,10730,0,0,0
2026-08-12 00:30:41,00:00,906987379684182,1팀,120247354343980200,20.김자반밥바(ASC)(메가딜)_TCPA_A+SC캠페인_ALL_C7_수_표준기여_3003_260527,4301,0,0,0
2026-08-12 00:30:41,00:00,906987379684182,1팀,120247354558020200,20.김자반밥바(ASC)(메가딜)_A+SC캠페인_구매최적화_수_표준기여_3003_260527,541,1,83300,15397.412199630315
2026-08-12 00:30:41,00:00,906987379684182,1팀,120247379361950200,07.크리스피(ASC)(1010)_A+SC캠페인_구매최적화_수_표준기여_2992_260527,1939,0,0,0
2026-08-12 00:30:41,00:00,906987379684182,1팀,120247379587080200,07.크리스피(ASC)(1010)_TROAS_A+SC캠페인_구매최적화_값_표준기여_2992_260527,11796,0,0,0
2026-08-12 00:30:41,00:00,906987379684182,1팀,120247842896910200,20.김자반밥바(ASC)(메가딜)_A+SC캠페인_구매최적화_수_표준기여_3003_260603,2673,0,0,0
2026-08-12 00:30:41,00:00,906987379684182,1팀,120248207670120200,17.안심볶음밥(ASC)(메가딜)_A+SC 캠페인_구매최적화_수_표준기여_2903_260609_남자(가치조정),12346,0,0,0
2026-08-12 00:30:41,00:00,906987379684182,1팀,120248361514480200,01.통살(ASC)(하이브리드)_TCPA_A+SC캠페인_ALL_C7_수_표준기여_3028_260611,564,0,0,0
2026-08-12 00:30:41,00:00,906987379684182,1팀,120248361514580200,01.통살(ASC)(하이브리드)_TROAS_A+SC캠페인_구매최적화_값_표준기여_3028_260611,2821,0,0,0
2026-08-12 00:30:41,00:00,906987379684182,1팀,120248762624470200,17.안심볶음밥(ASC)(메가딜)_TROAS_A+SC캠페인_구매최적화_값_표준기여_2903_260705,4309,0,0,0
2026-08-12 00:30:41,00:00,906987379684182,1팀,120248762761370200,17.안심볶음밥(ASC)(메가딜)_A+SC캠페인_구매최적화_수_표준기여_2903_260705,2155,0,0,0
2026-08-12 00:30:41,00:00,906987379684182,1팀,120248762858730200,16.안심크리스피(ASC)(메가딜)_A+SC 캠페인_구매최적화_수_표준기여_2908_260720(페르소나),21672,0,0,0
2026-08-12 00:30:41,00:00,906987379684182,1팀,120248763306900200,16.안심크리스피(ASC)(메가딜)_TCPA_A+SC캠페인_ALL_C7_수_표준기여_2908_260621,1673,0,0,0
2026-08-12 00:30:41,00:00,906987379684182,1팀,120248763797300200,21.통살+그릴드(ASC)(메가딜)_TROAS_A+SC캠페인_구매최적화_값_표준기여_3068_260617,8739,0,0,0
2026-08-12 00:30:41,00:00,906987379684182,1팀,120248763797350200,21.통살+그릴드(ASC)(메가딜)_A+SC캠페인_구매최적화_수_표준기여_3068_260617,1223,0,0,0
2026-08-12 00:30:41,00:00,906987379684182,1팀,120249317264110200,07.크리스피(ASC)(하이브리드)_A+SC캠페인_구매최적화_수_표준기여_3078_260713,24307,0,0,0
2026-08-12 00:30:41,00:00,906987379684182,1팀,120249317264120200,07.크리스피(ASC)(하이브리드)_TCPA_A+SC캠페인_ALL_C7_수_표준기여_3078_260713,3812,0,0,0
2026-08-12 00:30:41,00:00,906987379684182,1팀,120249317264140200,07.크리스피(ASC)(하이브리드)_TROAS_A+SC캠페인_구매최적화_값_표준기여_3078_260713,43067,1,94000,218.2645645157545
2026-08-12 00:30:41,00:00,906987379684182,1팀,120249873291990200,07.크리스피(ASC)(1010)_TROAS_A+SC캠페인_구매최적화_값_표준기여_2992_260705,2937,0,0,0
2026-08-12 00:30:41,00:00,906987379684182,1팀,120249873905240200,07.크리스피(ASC)(101010)_TROAS_A+SC캠페인_구매최적화_값_표준기여_2659_260705,8769,0,0,0
2026-08-12 00:30:41,00:00,906987379684182,1팀,120249873905280200,07.크리스피(ASC)(101010)_A+SC캠페인_구매최적화_수_표준기여_2659_260705,2826,0,0,0
2026-08-12 00:30:41,00:00,906987379684182,1팀,120249875227840200,16.안심크리스피(ASC)(메가딜)_A+SC캠페인_구매최적화_수_표준기여_2908_260705,2474,0,0,0
2026-08-12 00:30:41,00:00,906987379684182,1팀,120249875227870200,16.안심크리스피(ASC)(메가딜)_TCPA_A+SC캠페인_ALL_C7_수_표준기여_2908_260705,214,0,0,0
2026-08-12 00:30:41,00:00,906987379684182,1팀,120249876219490200,20.김자반밥바(ASC)(메가딜)_A+SC캠페인_구매최적화_수_표준기여_3003_260705,1912,0,0,0
2026-08-12 00:30:41,00:00,906987379684182,1팀,120249876219520200,20.김자반밥바(ASC)(메가딜)_TROAS_A+SC캠페인_구매최적화_값_표준기여_3003_260705,9308,0,0,0
2026-08-12 00:30:41,00:00,906987379684182,1팀,120249878429160200,01.통살(ASC)(하이브리드)_TROAS_A+SC캠페인_구매최적화_값_표준기여_3028_260705,4125,0,0,0
2026-08-12 00:30:41,00:00,906987379684182,1팀,120249878429240200,01.통살(ASC)(하이브리드)_A+SC캠페인_구매최적화_수_표준기여_3028_260705,2004,0,0,0
2026-08-12 00:30:41,00:00,906987379684182,1팀,120250098930220200,01.통살(ASC)(101010)_TROAS_A+SC캠페인_구매최적화_값_표준기여_2336_260712,30243,0,0,0
2026-08-12 00:30:41,00:00,906987379684182,1팀,120250099159310200,07.크리스피(ASC)(메가딜)_A+SC캠페인_구매최적화_수_표준기여_2464_260712,3499,0,0,0
2026-08-12 00:30:41,00:00,906987379684182,1팀,120250099159320200,07.크리스피(ASC)(메가딜)_TROAS_A+SC캠페인_구매최적화_값_표준기여_2464_260712,3120,0,0,0
2026-08-12 00:30:41,00:00,906987379684182,1팀,120250099159330200,07.크리스피(ASC)(메가딜)_TCPA_A+SC캠페인_ALL_C7_수_표준기여_2464_260712,2326,0,0,0
2026-08-12 00:30:41,00:00,906987379684182,1팀,120250099335020200,77.프로모션(ASC)(줄리엔강)_TCPA_A+SC캠페인_ALL_C7_수_표준기여_260713,4381,0,0,0
2026-08-12 00:30:41,00:00,906987379684182,1팀,120250099335030200,77.프로모션(ASC)(줄리엔강)_TROAS_A+SC캠페인_구매최적화_값_표준기여_260713,639,0,0,0
2026-08-12 00:30:41,00:00,906987379684182,1팀,120250268133470200,03.닭다리살(ASC)(하이브리드)_TROAS_A+SC캠페인_구매최적화_값_표준기여_3111_260726,2023,0,0,0
2026-08-12 00:30:41,00:00,906987379684182,1팀,120250444210730200,20.김자반밥바(ASC)(하이브리드)_TROAS_A+SC캠페인_구매최적화_값_표준기여_3159_260726,5667,0,0,0
2026-08-12 00:30:41,00:00,906987379684182,1팀,120250444210740200,20.김자반밥바(ASC)(하이브리드)_A+SC캠페인_구매최적화_수_표준기여_3159_260726,3320,1,41900,1262.0481927710844
2026-08-12 00:30:41,00:00,906987379684182,1팀,120250444210900200,20.김자반밥바(ASC)(하이브리드)_TCPA_A+SC캠페인_ALL_C7_수_표준기여_3159_260726,1167,0,0,0
2026-08-12 00:30:41,00:00,906987379684182,1팀,120250444423310200,21.통살+그릴드(ASC)(하이브리드)_TROAS_A+SC캠페인_구매최적화_값_표준기여_3162_260726,5277,0,0,0
2026-08-12 00:30:41,00:00,906987379684182,1팀,120250444423320200,21.통살+그릴드(ASC)(하이브리드)_TCPA_A+SC캠페인_ALL_C7_수_표준기여_3162_260726,1461,0,0,0
2026-08-12 00:30:41,00:00,906987379684182,1팀,120250444423330200,21.통살+그릴드(ASC)(하이브리드)_A+SC캠페인_구매최적화_수_표준기여_3162_260726,1046,0,0,0
2026-08-12 00:30:41,00:00,906987379684182,1팀,120250475752460200,07.크리스피(ASC)(하이브리드)_TROAS_A+SC캠페인_구매최적화_값_표준기여_3078_260722(페르소나),23505,0,0,0
2026-08-12 00:30:41,00:00,906987379684182,1팀,120250614451020200,07.크리스피(ASC)(하이브리드)_A+SC캠페인_구매최적화_수_표준기여_3078_260728,1493,0,0,0
2026-08-12 00:30:41,00:00,906987379684182,1팀,120250614451040200,07.크리스피(ASC)(하이브리드)_TROAS_A+SC캠페인_구매최적화_값_표준기여_3078_260728,6263,0,0,0
2026-08-12 00:30:41,00:00,906987379684182,1팀,120250614451160200,07.크리스피(ASC)(하이브리드)_TCPA_A+SC캠페인_ALL_C7_수_표준기여_3078_260728,24,0,0,0
2026-08-12 00:30:41,00:00,906987379684182,1팀,120250649570130200,07.크리스피(ASC)(하이브리드)_TROAS_A+SC캠페인_구매최적화_값_표준기여_3078_260802_AI,2773,0,0,0
2026-08-12 00:30:41,00:00,906987379684182,1팀,120250649570150200,07.크리스피(ASC)(하이브리드)_TCPA_A+SC캠페인_ALL_C7_수_표준기여_3078_260802_AI,26,0,0,0
2026-08-12 00:30:41,00:00,906987379684182,1팀,120250649570180200,07.크리스피(ASC)(하이브리드)_A+SC캠페인_구매최적화_수_표준기여_3078_260802_AI,7697,0,0,0
2026-08-12 00:30:41,00:00,906987379684182,1팀,120250856737330200,77.프로모션(ASC)(통크크)_TROAS_A+SC캠페인_구매최적화_값_표준기여_260806,786,0,0,0
2026-08-12 00:30:41,00:00,906987379684182,1팀,120250856737340200,77.프로모션(ASC)(통크크)_TCPA_A+SC캠페인_ALL_C7_수_표준기여_260806,569,0,0,0
2026-08-12 00:30:41,00:00,906987379684182,1팀,120250856737350200,77.프로모션(ASC)(통크크)_A+SC캠페인_구매최적화_수_표준기여_260806,1667,0,0,0
2026-08-12 00:30:41,00:00,906987379684182,1팀,120250858093370200,01.통살(ASC)(하이브리드)_TROAS_A+SC캠페인_구매최적화_값_표준기여_3028_260806,3879,0,0,0
2026-08-12 00:30:41,00:00,906987379684182,1팀,120250858456470200,01.통살(ASC)(하이브리드)_A+SC캠페인_구매최적화_수_표준기여_3028_260806,1377,0,0,0
2026-08-12 00:30:41,00:00,906987379684182,1팀,120250858902230200,07.크리스피(ASC)(메가딜)_A+SC캠페인_구매최적화_수_표준기여_2464_260806,10034,0,0,0
2026-08-12 00:30:41,00:00,906987379684182,1팀,120250858902240200,07.크리스피(ASC)(메가딜)_TCPA_A+SC캠페인_ALL_C7_수_표준기여_2464_260806,1778,0,0,0
2026-08-12 00:30:41,00:00,906987379684182,1팀,120250858902260200,07.크리스피(ASC)(메가딜)_TROAS_A+SC캠페인_구매최적화_값_표준기여_2464_260806,1962,0,0,0
2026-08-12 00:30:41,00:00,906987379684182,1팀,120250859130300200,16.안심크리스피(ASC)(메가딜)_TROAS_A+SC캠페인_구매최적화_값_표준기여_2908_260806,15108,0,0,0
2026-08-12 00:30:41,00:00,906987379684182,1팀,120250859130310200,16.안심크리스피(ASC)(메가딜)_TCPA_A+SC캠페인_ALL_C7_수_표준기여_2908_260806,3582,0,0,0
2026-08-12 00:30:41,00:00,906987379684182,1팀,120250859130340200,16.안심크리스피(ASC)(메가딜)_A+SC캠페인_구매최적화_수_표준기여_2908_260806,2252,0,0,0
2026-08-12 00:30:41,00:00,906987379684182,1팀,120250859189800200,17.안심볶음밥(ASC)(메가딜)_A+SC캠페인_구매최적화_수_표준기여_2903_260806,2302,0,0,0
2026-08-12 00:30:41,00:00,906987379684182,1팀,120250859189810200,17.안심볶음밥(ASC)(메가딜)_TCPA_A+SC캠페인_ALL_C7_수_표준기여_2903_260806,4391,0,0,0
2026-08-12 00:30:41,00:00,906987379684182,1팀,120250859189820200,17.안심볶음밥(ASC)(메가딜)_TROAS_A+SC캠페인_구매최적화_값_표준기여_2903_260806,4603,0,0,0
2026-08-12 00:30:41,00:00,906987379684182,1팀,120250859259390200,20.김자반밥바(ASC)(메가딜)_TROAS_A+SC캠페인_구매최적화_값_표준기여_3003_260806,14124,0,0,0
2026-08-12 00:30:41,00:00,906987379684182,1팀,120250859259410200,20.김자반밥바(ASC)(메가딜)_TCPA_A+SC캠페인_ALL_C7_수_표준기여_3003_260806,3534,0,0,0
2026-08-12 00:30:41,00:00,906987379684182,1팀,120250859259430200,20.김자반밥바(ASC)(메가딜)_A+SC캠페인_구매최적화_수_가치조정_3003_260806,1938,0,0,0
2026-08-12 00:30:41,00:00,906987379684182,1팀,120250859367430200,20.김자반밥바(ASC)(하이브리드)_A+SC캠페인_구매최적화_수_가치조정_3159_260806,3156,0,0,0
2026-08-12 00:30:41,00:00,906987379684182,1팀,120250859367440200,20.김자반밥바(ASC)(하이브리드)_TCPA_A+SC캠페인_ALL_C7_수_표준기여_3159_260806,4169,0,0,0
2026-08-12 00:30:41,00:00,906987379684182,1팀,120250859367470200,20.김자반밥바(ASC)(하이브리드)_TROAS_A+SC캠페인_구매최적화_값_표준기여_3159_260806,2414,0,0,0
2026-08-12 01:09:04,01:00,906987379684182,1팀,120228320649100200,01.통살(ASC)(101010)_TCPA16000_A+SC 캠페인_ALL_V1C7_수_표준기여_2336,469,0,0,0
2026-08-12 01:09:04,01:00,906987379684182,1팀,120228788396590200,01.통살(ASC)(메가딜)_TCPA20000_A+SC 캠페인_ALL_V1C7_수_표준기여_1874,2269,0,0,0
2026-08-12 01:09:04,01:00,906987379684182,1팀,120230755324960200,07.크리스피(ASC)(메가딜)_A+SC 캠페인_구매최적화_수_표준기여_2464,174,0,0,0
2026-08-12 01:09:04,01:00,906987379684182,1팀,120237509836570200,07.크리스피(ASC)(메가딜)_TCPA16000_A+SC 캠페인_ALL_수_표준기여_2464,1833,0,0,0
2026-08-12 01:09:04,01:00,906987379684182,1팀,120243001852340200,01.통살(ASC)(101010)_TCPA16000_A+SC 캠페인_ALL_V1C7_수_표준기여_2336_02,441,0,0,0
2026-08-12 01:09:04,01:00,906987379684182,1팀,120243258462660200,07.크리스피(ASC)(101010)_A+SC 캠페인_구매최적화_수_표준기여_2659_260322,1313,0,0,0
2026-08-12 01:09:04,01:00,906987379684182,1팀,120243592510760200,16.안심크리스피(ASC)(메가딜)_TCPA14000_A+SC 캠페인_ALL_C7_수_표준기여_2863_260327,524,0,0,0
2026-08-12 01:09:04,01:00,906987379684182,1팀,120244128322750200,01.통살(ASC)(101010)_TCPA16000_A+SC 캠페인_ALL_V1C7_수_표준기여_2336_03,419,0,0,0
2026-08-12 01:09:04,01:00,906987379684182,1팀,120244130427210200,07.크리스피(ASC)(메가딜)_A+SC 캠페인_구매최적화_수_표준기여_2464_260404,827,0,0,0
2026-08-12 01:09:04,01:00,906987379684182,1팀,120244370408130200,17.안심볶음밥(ASC)(메가딜)_TCPA_A+SC 캠페인_ALL_C7_수_표준기여_2903_260409,369,0,0,0
2026-08-12 01:09:04,01:00,906987379684182,1팀,120246157174550200,17.안심볶음밥(ASC)(메가딜)_A+SC 캠페인_구매최적화_수_표준기여_2903_260507_남자,284,0,0,0
2026-08-12 01:09:04,01:00,906987379684182,1팀,120246224683700200,17.안심볶음밥(ASC)(메가딜)_A+SC 캠페인_구매최적화_수_표준기여_2903_260507_남자_02,533,0,0,0
2026-08-12 01:09:04,01:00,906987379684182,1팀,120246397028850200,07.크리스피(ASC)(통합)_A+SC 캠페인_구매최적화_수_표준기여_통합_260511,801,0,0,0
2026-08-12 01:09:04,01:00,906987379684182,1팀,120246898203940200,03.닭다리살(ASC)(1010)_A+SC캠페인_구매최적화_수_표준기여_2604_260519,522,0,0,0
2026-08-12 01:09:04,01:00,906987379684182,1팀,120246898384670200,03.닭다리살(ASC)(1010)_TROAS_A+SC캠페인_구매최적화_값_표준기여_2604_260519,2037,0,0,0
2026-08-12 01:09:04,01:00,906987379684182,1팀,120247354343980200,20.김자반밥바(ASC)(메가딜)_TCPA_A+SC캠페인_ALL_C7_수_표준기여_3003_260527,424,0,0,0
2026-08-12 01:09:04,01:00,906987379684182,1팀,120247379361950200,07.크리스피(ASC)(1010)_A+SC캠페인_구매최적화_수_표준기여_2992_260527,136,0,0,0
2026-08-12 01:09:04,01:00,906987379684182,1팀,120247379587080200,07.크리스피(ASC)(1010)_TROAS_A+SC캠페인_구매최적화_값_표준기여_2992_260527,1673,0,0,0
2026-08-12 01:09:04,01:00,906987379684182,1팀,120247842896910200,20.김자반밥바(ASC)(메가딜)_A+SC캠페인_구매최적화_수_표준기여_3003_260603,287,0,0,0
2026-08-12 01:09:04,01:00,906987379684182,1팀,120248207670120200,17.안심볶음밥(ASC)(메가딜)_A+SC 캠페인_구매최적화_수_표준기여_2903_260609_남자(가치조정),1323,0,0,0
2026-08-12 01:09:04,01:00,906987379684182,1팀,120248361514480200,01.통살(ASC)(하이브리드)_TCPA_A+SC캠페인_ALL_C7_수_표준기여_3028_260611,156,0,0,0
2026-08-12 01:09:04,01:00,906987379684182,1팀,120248361514580200,01.통살(ASC)(하이브리드)_TROAS_A+SC캠페인_구매최적화_값_표준기여_3028_260611,598,0,0,0
2026-08-12 01:09:04,01:00,906987379684182,1팀,120248762624470200,17.안심볶음밥(ASC)(메가딜)_TROAS_A+SC캠페인_구매최적화_값_표준기여_2903_260705,616,0,0,0
2026-08-12 01:09:04,01:00,906987379684182,1팀,120248762761370200,17.안심볶음밥(ASC)(메가딜)_A+SC캠페인_구매최적화_수_표준기여_2903_260705,158,0,0,0
2026-08-12 01:09:04,01:00,906987379684182,1팀,120248762858730200,16.안심크리스피(ASC)(메가딜)_A+SC 캠페인_구매최적화_수_표준기여_2908_260720(페르소나),2302,0,0,0
2026-08-12 01:09:04,01:00,906987379684182,1팀,120248763306900200,16.안심크리스피(ASC)(메가딜)_TCPA_A+SC캠페인_ALL_C7_수_표준기여_2908_260621,395,0,0,0
2026-08-12 01:09:04,01:00,906987379684182,1팀,120248763797300200,21.통살+그릴드(ASC)(메가딜)_TROAS_A+SC캠페인_구매최적화_값_표준기여_3068_260617,979,0,0,0
2026-08-12 01:09:04,01:00,906987379684182,1팀,120248763797350200,21.통살+그릴드(ASC)(메가딜)_A+SC캠페인_구매최적화_수_표준기여_3068_260617,53,0,0,0
2026-08-12 01:09:04,01:00,906987379684182,1팀,120249317264110200,07.크리스피(ASC)(하이브리드)_A+SC캠페인_구매최적화_수_표준기여_3078_260713,2464,0,0,0
2026-08-12 01:09:04,01:00,906987379684182,1팀,120249317264120200,07.크리스피(ASC)(하이브리드)_TCPA_A+SC캠페인_ALL_C7_수_표준기여_3078_260713,616,0,0,0
2026-08-12 01:09:04,01:00,906987379684182,1팀,120249317264140200,07.크리스피(ASC)(하이브리드)_TROAS_A+SC캠페인_구매최적화_값_표준기여_3078_260713,3981,0,0,0
2026-08-12 01:09:04,01:00,906987379684182,1팀,120249873291990200,07.크리스피(ASC)(1010)_TROAS_A+SC캠페인_구매최적화_값_표준기여_2992_260705,610,0,0,0
2026-08-12 01:09:04,01:00,906987379684182,1팀,120249873905240200,07.크리스피(ASC)(101010)_TROAS_A+SC캠페인_구매최적화_값_표준기여_2659_260705,1529,0,0,0
2026-08-12 01:09:04,01:00,906987379684182,1팀,120249873905280200,07.크리스피(ASC)(101010)_A+SC캠페인_구매최적화_수_표준기여_2659_260705,121,0,0,0
2026-08-12 01:09:04,01:00,906987379684182,1팀,120249875227840200,16.안심크리스피(ASC)(메가딜)_A+SC캠페인_구매최적화_수_표준기여_2908_260705,295,0,0,0
2026-08-12 01:09:04,01:00,906987379684182,1팀,120249876219490200,20.김자반밥바(ASC)(메가딜)_A+SC캠페인_구매최적화_수_표준기여_3003_260705,221,0,0,0
2026-08-12 01:09:04,01:00,906987379684182,1팀,120249876219520200,20.김자반밥바(ASC)(메가딜)_TROAS_A+SC캠페인_구매최적화_값_표준기여_3003_260705,1711,0,0,0
2026-08-12 01:09:04,01:00,906987379684182,1팀,120249878429160200,01.통살(ASC)(하이브리드)_TROAS_A+SC캠페인_구매최적화_값_표준기여_3028_260705,986,0,0,0
2026-08-12 01:09:04,01:00,906987379684182,1팀,120249878429240200,01.통살(ASC)(하이브리드)_A+SC캠페인_구매최적화_수_표준기여_3028_260705,127,0,0,0
2026-08-12 01:09:04,01:00,906987379684182,1팀,120250098930220200,01.통살(ASC)(101010)_TROAS_A+SC캠페인_구매최적화_값_표준기여_2336_260712,3794,0,0,0
2026-08-12 01:09:04,01:00,906987379684182,1팀,120250099159310200,07.크리스피(ASC)(메가딜)_A+SC캠페인_구매최적화_수_표준기여_2464_260712,413,0,0,0
2026-08-12 01:09:04,01:00,906987379684182,1팀,120250099159320200,07.크리스피(ASC)(메가딜)_TROAS_A+SC캠페인_구매최적화_값_표준기여_2464_260712,254,0,0,0
2026-08-12 01:09:04,01:00,906987379684182,1팀,120250099159330200,07.크리스피(ASC)(메가딜)_TCPA_A+SC캠페인_ALL_C7_수_표준기여_2464_260712,270,0,0,0
2026-08-12 01:09:04,01:00,906987379684182,1팀,120250099335020200,77.프로모션(ASC)(줄리엔강)_TCPA_A+SC캠페인_ALL_C7_수_표준기여_260713,477,0,0,0
2026-08-12 01:09:04,01:00,906987379684182,1팀,120250099335030200,77.프로모션(ASC)(줄리엔강)_TROAS_A+SC캠페인_구매최적화_값_표준기여_260713,268,0,0,0
2026-08-12 01:09:04,01:00,906987379684182,1팀,120250268133470200,03.닭다리살(ASC)(하이브리드)_TROAS_A+SC캠페인_구매최적화_값_표준기여_3111_260726,292,0,0,0
2026-08-12 01:09:04,01:00,906987379684182,1팀,120250444210730200,20.김자반밥바(ASC)(하이브리드)_TROAS_A+SC캠페인_구매최적화_값_표준기여_3159_260726,283,0,0,0
2026-08-12 01:09:04,01:00,906987379684182,1팀,120250444210740200,20.김자반밥바(ASC)(하이브리드)_A+SC캠페인_구매최적화_수_표준기여_3159_260726,288,0,0,0
2026-08-12 01:09:04,01:00,906987379684182,1팀,120250444210900200,20.김자반밥바(ASC)(하이브리드)_TCPA_A+SC캠페인_ALL_C7_수_표준기여_3159_260726,120,0,0,0
2026-08-12 01:09:04,01:00,906987379684182,1팀,120250444423310200,21.통살+그릴드(ASC)(하이브리드)_TROAS_A+SC캠페인_구매최적화_값_표준기여_3162_260726,973,0,0,0
2026-08-12 01:09:04,01:00,906987379684182,1팀,120250444423320200,21.통살+그릴드(ASC)(하이브리드)_TCPA_A+SC캠페인_ALL_C7_수_표준기여_3162_260726,2,0,0,0
2026-08-12 01:09:04,01:00,906987379684182,1팀,120250444423330200,21.통살+그릴드(ASC)(하이브리드)_A+SC캠페인_구매최적화_수_표준기여_3162_260726,76,0,0,0
2026-08-12 01:09:04,01:00,906987379684182,1팀,120250475752460200,07.크리스피(ASC)(하이브리드)_TROAS_A+SC캠페인_구매최적화_값_표준기여_3078_260722(페르소나),6698,0,0,0
2026-08-12 01:09:04,01:00,906987379684182,1팀,120250614451020200,07.크리스피(ASC)(하이브리드)_A+SC캠페인_구매최적화_수_표준기여_3078_260728,366,0,0,0
2026-08-12 01:09:04,01:00,906987379684182,1팀,120250614451040200,07.크리스피(ASC)(하이브리드)_TROAS_A+SC캠페인_구매최적화_값_표준기여_3078_260728,623,0,0,0
2026-08-12 01:09:04,01:00,906987379684182,1팀,120250649570130200,07.크리스피(ASC)(하이브리드)_TROAS_A+SC캠페인_구매최적화_값_표준기여_3078_260802_AI,847,0,0,0
2026-08-12 01:09:04,01:00,906987379684182,1팀,120250649570180200,07.크리스피(ASC)(하이브리드)_A+SC캠페인_구매최적화_수_표준기여_3078_260802_AI,349,0,0,0
2026-08-12 01:09:04,01:00,906987379684182,1팀,120250856737330200,77.프로모션(ASC)(통크크)_TROAS_A+SC캠페인_구매최적화_값_표준기여_260806,368,0,0,0
2026-08-12 01:09:04,01:00,906987379684182,1팀,120250856737340200,77.프로모션(ASC)(통크크)_TCPA_A+SC캠페인_ALL_C7_수_표준기여_260806,205,0,0,0
2026-08-12 01:09:04,01:00,906987379684182,1팀,120250856737350200,77.프로모션(ASC)(통크크)_A+SC캠페인_구매최적화_수_표준기여_260806,420,0,0,0
2026-08-12 01:09:04,01:00,906987379684182,1팀,120250858093370200,01.통살(ASC)(하이브리드)_TROAS_A+SC캠페인_구매최적화_값_표준기여_3028_260806,496,0,0,0
2026-08-12 01:09:04,01:00,906987379684182,1팀,120250858093380200,01.통살(ASC)(하이브리드)_TCPA_A+SC캠페인_ALL_C7_수_표준기여_3028_260806,287,0,0,0
2026-08-12 01:09:04,01:00,906987379684182,1팀,120250858456470200,01.통살(ASC)(하이브리드)_A+SC캠페인_구매최적화_수_표준기여_3028_260806,102,0,0,0
2026-08-12 01:09:04,01:00,906987379684182,1팀,120250858902230200,07.크리스피(ASC)(메가딜)_A+SC캠페인_구매최적화_수_표준기여_2464_260806,488,0,0,0
2026-08-12 01:09:04,01:00,906987379684182,1팀,120250858902240200,07.크리스피(ASC)(메가딜)_TCPA_A+SC캠페인_ALL_C7_수_표준기여_2464_260806,184,0,0,0
2026-08-12 01:09:04,01:00,906987379684182,1팀,120250858902260200,07.크리스피(ASC)(메가딜)_TROAS_A+SC캠페인_구매최적화_값_표준기여_2464_260806,323,0,0,0
2026-08-12 01:09:04,01:00,906987379684182,1팀,120250859130300200,16.안심크리스피(ASC)(메가딜)_TROAS_A+SC캠페인_구매최적화_값_표준기여_2908_260806,2944,0,0,0
2026-08-12 01:09:04,01:00,906987379684182,1팀,120250859130310200,16.안심크리스피(ASC)(메가딜)_TCPA_A+SC캠페인_ALL_C7_수_표준기여_2908_260806,139,0,0,0
2026-08-12 01:09:04,01:00,906987379684182,1팀,120250859130340200,16.안심크리스피(ASC)(메가딜)_A+SC캠페인_구매최적화_수_표준기여_2908_260806,375,0,0,0
2026-08-12 01:09:04,01:00,906987379684182,1팀,120250859189800200,17.안심볶음밥(ASC)(메가딜)_A+SC캠페인_구매최적화_수_표준기여_2903_260806,177,0,0,0
2026-08-12 01:09:04,01:00,906987379684182,1팀,120250859189810200,17.안심볶음밥(ASC)(메가딜)_TCPA_A+SC캠페인_ALL_C7_수_표준기여_2903_260806,452,0,0,0
2026-08-12 01:09:04,01:00,906987379684182,1팀,120250859189820200,17.안심볶음밥(ASC)(메가딜)_TROAS_A+SC캠페인_구매최적화_값_표준기여_2903_260806,326,0,0,0
2026-08-12 01:09:04,01:00,906987379684182,1팀,120250859259390200,20.김자반밥바(ASC)(메가딜)_TROAS_A+SC캠페인_구매최적화_값_표준기여_3003_260806,2675,0,0,0
2026-08-12 01:09:04,01:00,906987379684182,1팀,120250859259410200,20.김자반밥바(ASC)(메가딜)_TCPA_A+SC캠페인_ALL_C7_수_표준기여_3003_260806,331,0,0,0
2026-08-12 01:09:04,01:00,906987379684182,1팀,120250859259430200,20.김자반밥바(ASC)(메가딜)_A+SC캠페인_구매최적화_수_가치조정_3003_260806,161,0,0,0
2026-08-12 01:09:04,01:00,906987379684182,1팀,120250859367430200,20.김자반밥바(ASC)(하이브리드)_A+SC캠페인_구매최적화_수_가치조정_3159_260806,324,0,0,0
2026-08-12 01:09:04,01:00,906987379684182,1팀,120250859367440200,20.김자반밥바(ASC)(하이브리드)_TCPA_A+SC캠페인_ALL_C7_수_표준기여_3159_260806,486,0,0,0
2026-08-12 01:09:04,01:00,906987379684182,1팀,120250859367470200,20.김자반밥바(ASC)(하이브리드)_TROAS_A+SC캠페인_구매최적화_값_표준기여_3159_260806,918,0,0,0
2026-08-12 01:30:37,01:00,906987379684182,1팀,120228320649100200,01.통살(ASC)(101010)_TCPA16000_A+SC 캠페인_ALL_V1C7_수_표준기여_2336,2891,0,0,0
2026-08-12 01:30:37,01:00,906987379684182,1팀,120228788396590200,01.통살(ASC)(메가딜)_TCPA20000_A+SC 캠페인_ALL_V1C7_수_표준기여_1874,10700,0,0,0
2026-08-12 01:30:37,01:00,906987379684182,1팀,120230755324960200,07.크리스피(ASC)(메가딜)_A+SC 캠페인_구매최적화_수_표준기여_2464,2128,0,0,0
2026-08-12 01:30:37,01:00,906987379684182,1팀,120237509836570200,07.크리스피(ASC)(메가딜)_TCPA16000_A+SC 캠페인_ALL_수_표준기여_2464,8525,0,0,0
2026-08-12 01:30:37,01:00,906987379684182,1팀,120243001852340200,01.통살(ASC)(101010)_TCPA16000_A+SC 캠페인_ALL_V1C7_수_표준기여_2336_02,2124,0,0,0
2026-08-12 01:30:37,01:00,906987379684182,1팀,120243258462660200,07.크리스피(ASC)(101010)_A+SC 캠페인_구매최적화_수_표준기여_2659_260322,7720,0,0,0
2026-08-12 01:30:37,01:00,906987379684182,1팀,120243592510760200,16.안심크리스피(ASC)(메가딜)_TCPA14000_A+SC 캠페인_ALL_C7_수_표준기여_2863_260327,3253,0,0,0
2026-08-12 01:30:37,01:00,906987379684182,1팀,120244128322750200,01.통살(ASC)(101010)_TCPA16000_A+SC 캠페인_ALL_V1C7_수_표준기여_2336_03,1969,0,0,0
2026-08-12 01:30:37,01:00,906987379684182,1팀,120244130427210200,07.크리스피(ASC)(메가딜)_A+SC 캠페인_구매최적화_수_표준기여_2464_260404,3333,0,0,0
2026-08-12 01:30:37,01:00,906987379684182,1팀,120244370408130200,17.안심볶음밥(ASC)(메가딜)_TCPA_A+SC 캠페인_ALL_C7_수_표준기여_2903_260409,2440,0,0,0
2026-08-12 01:30:37,01:00,906987379684182,1팀,120246157174550200,17.안심볶음밥(ASC)(메가딜)_A+SC 캠페인_구매최적화_수_표준기여_2903_260507_남자,1704,0,0,0
2026-08-12 01:30:37,01:00,906987379684182,1팀,120246224683700200,17.안심볶음밥(ASC)(메가딜)_A+SC 캠페인_구매최적화_수_표준기여_2903_260507_남자_02,2987,0,0,0
2026-08-12 01:30:37,01:00,906987379684182,1팀,120246397028850200,07.크리스피(ASC)(통합)_A+SC 캠페인_구매최적화_수_표준기여_통합_260511,3407,0,0,0
2026-08-12 01:30:37,01:00,906987379684182,1팀,120246898203940200,03.닭다리살(ASC)(1010)_A+SC캠페인_구매최적화_수_표준기여_2604_260519,1836,0,0,0
2026-08-12 01:30:37,01:00,906987379684182,1팀,120246898384670200,03.닭다리살(ASC)(1010)_TROAS_A+SC캠페인_구매최적화_값_표준기여_2604_260519,11554,0,0,0
2026-08-12 01:30:37,01:00,906987379684182,1팀,120247354343980200,20.김자반밥바(ASC)(메가딜)_TCPA_A+SC캠페인_ALL_C7_수_표준기여_3003_260527,2738,0,0,0
2026-08-12 01:30:37,01:00,906987379684182,1팀,120247354558020200,20.김자반밥바(ASC)(메가딜)_A+SC캠페인_구매최적화_수_표준기여_3003_260527,0,0,0,0
2026-08-12 01:30:37,01:00,906987379684182,1팀,120247379361950200,07.크리스피(ASC)(1010)_A+SC캠페인_구매최적화_수_표준기여_2992_260527,1095,0,0,0
2026-08-12 01:30:37,01:00,906987379684182,1팀,120247379587080200,07.크리스피(ASC)(1010)_TROAS_A+SC캠페인_구매최적화_값_표준기여_2992_260527,7663,1,43900,572.8826830223151
2026-08-12 01:30:37,01:00,906987379684182,1팀,120247842896910200,20.김자반밥바(ASC)(메가딜)_A+SC캠페인_구매최적화_수_표준기여_3003_260603,1518,0,0,0
2026-08-12 01:30:37,01:00,906987379684182,1팀,120248207670120200,17.안심볶음밥(ASC)(메가딜)_A+SC 캠페인_구매최적화_수_표준기여_2903_260609_남자(가치조정),7814,0,0,0
2026-08-12 01:30:37,01:00,906987379684182,1팀,120248361514480200,01.통살(ASC)(하이브리드)_TCPA_A+SC캠페인_ALL_C7_수_표준기여_3028_260611,610,0,0,0
2026-08-12 01:30:37,01:00,906987379684182,1팀,120248361514580200,01.통살(ASC)(하이브리드)_TROAS_A+SC캠페인_구매최적화_값_표준기여_3028_260611,3429,0,0,0
2026-08-12 01:30:37,01:00,906987379684182,1팀,120248762624190200,17.안심볶음밥(ASC)(메가딜)_TCPA_A+SC캠페인_ALL_C7_수_표준기여_2903_260705,37,0,0,0
2026-08-12 01:30:37,01:00,906987379684182,1팀,120248762624470200,17.안심볶음밥(ASC)(메가딜)_TROAS_A+SC캠페인_구매최적화_값_표준기여_2903_260705,2147,0,0,0
2026-08-12 01:30:37,01:00,906987379684182,1팀,120248762761370200,17.안심볶음밥(ASC)(메가딜)_A+SC캠페인_구매최적화_수_표준기여_2903_260705,877,0,0,0
2026-08-12 01:30:37,01:00,906987379684182,1팀,120248762858730200,16.안심크리스피(ASC)(메가딜)_A+SC 캠페인_구매최적화_수_표준기여_2908_260720(페르소나),12074,1,39597,327.9526254762299
2026-08-12 01:30:37,01:00,906987379684182,1팀,120248763306900200,16.안심크리스피(ASC)(메가딜)_TCPA_A+SC캠페인_ALL_C7_수_표준기여_2908_260621,1585,0,0,0
2026-08-12 01:30:37,01:00,906987379684182,1팀,120248763797300200,21.통살+그릴드(ASC)(메가딜)_TROAS_A+SC캠페인_구매최적화_값_표준기여_3068_260617,4769,0,0,0
2026-08-12 01:30:37,01:00,906987379684182,1팀,120248763797350200,21.통살+그릴드(ASC)(메가딜)_A+SC캠페인_구매최적화_수_표준기여_3068_260617,324,0,0,0
2026-08-12 01:30:37,01:00,906987379684182,1팀,120249317264110200,07.크리스피(ASC)(하이브리드)_A+SC캠페인_구매최적화_수_표준기여_3078_260713,15747,0,0,0
2026-08-12 01:30:37,01:00,906987379684182,1팀,120249317264120200,07.크리스피(ASC)(하이브리드)_TCPA_A+SC캠페인_ALL_C7_수_표준기여_3078_260713,1877,0,0,0
2026-08-12 01:30:37,01:00,906987379684182,1팀,120249317264140200,07.크리스피(ASC)(하이브리드)_TROAS_A+SC캠페인_구매최적화_값_표준기여_3078_260713,42865,0,0,0
2026-08-12 01:30:37,01:00,906987379684182,1팀,120249873291990200,07.크리스피(ASC)(1010)_TROAS_A+SC캠페인_구매최적화_값_표준기여_2992_260705,1579,0,0,0
2026-08-12 01:30:37,01:00,906987379684182,1팀,120249873905240200,07.크리스피(ASC)(101010)_TROAS_A+SC캠페인_구매최적화_값_표준기여_2659_260705,6233,0,0,0
2026-08-12 01:30:37,01:00,906987379684182,1팀,120249873905280200,07.크리스피(ASC)(101010)_A+SC캠페인_구매최적화_수_표준기여_2659_260705,811,0,0,0
2026-08-12 01:30:37,01:00,906987379684182,1팀,120249875227840200,16.안심크리스피(ASC)(메가딜)_A+SC캠페인_구매최적화_수_표준기여_2908_260705,758,0,0,0
2026-08-12 01:30:37,01:00,906987379684182,1팀,120249875227870200,16.안심크리스피(ASC)(메가딜)_TCPA_A+SC캠페인_ALL_C7_수_표준기여_2908_260705,155,0,0,0
2026-08-12 01:30:37,01:00,906987379684182,1팀,120249876219490200,20.김자반밥바(ASC)(메가딜)_A+SC캠페인_구매최적화_수_표준기여_3003_260705,2439,1,18900,774.9077490774907
2026-08-12 01:30:37,01:00,906987379684182,1팀,120249876219520200,20.김자반밥바(ASC)(메가딜)_TROAS_A+SC캠페인_구매최적화_값_표준기여_3003_260705,9542,0,0,0
2026-08-12 01:30:37,01:00,906987379684182,1팀,120249878429160200,01.통살(ASC)(하이브리드)_TROAS_A+SC캠페인_구매최적화_값_표준기여_3028_260705,5127,0,0,0
2026-08-12 01:30:37,01:00,906987379684182,1팀,120249878429240200,01.통살(ASC)(하이브리드)_A+SC캠페인_구매최적화_수_표준기여_3028_260705,957,0,0,0
2026-08-12 01:30:37,01:00,906987379684182,1팀,120250098930220200,01.통살(ASC)(101010)_TROAS_A+SC캠페인_구매최적화_값_표준기여_2336_260712,16162,0,0,0
2026-08-12 01:30:37,01:00,906987379684182,1팀,120250099159310200,07.크리스피(ASC)(메가딜)_A+SC캠페인_구매최적화_수_표준기여_2464_260712,2199,0,0,0
2026-08-12 01:30:37,01:00,906987379684182,1팀,120250099159320200,07.크리스피(ASC)(메가딜)_TROAS_A+SC캠페인_구매최적화_값_표준기여_2464_260712,1690,0,0,0
2026-08-12 01:30:37,01:00,906987379684182,1팀,120250099159330200,07.크리스피(ASC)(메가딜)_TCPA_A+SC캠페인_ALL_C7_수_표준기여_2464_260712,964,1,151800,15746.88796680498
2026-08-12 01:30:37,01:00,906987379684182,1팀,120250099335020200,77.프로모션(ASC)(줄리엔강)_TCPA_A+SC캠페인_ALL_C7_수_표준기여_260713,1561,0,0,0
2026-08-12 01:30:37,01:00,906987379684182,1팀,120250099335030200,77.프로모션(ASC)(줄리엔강)_TROAS_A+SC캠페인_구매최적화_값_표준기여_260713,1493,0,0,0
2026-08-12 01:30:37,01:00,906987379684182,1팀,120250268133470200,03.닭다리살(ASC)(하이브리드)_TROAS_A+SC캠페인_구매최적화_값_표준기여_3111_260726,1244,0,0,0
2026-08-12 01:30:37,01:00,906987379684182,1팀,120250444210730200,20.김자반밥바(ASC)(하이브리드)_TROAS_A+SC캠페인_구매최적화_값_표준기여_3159_260726,2084,0,0,0
2026-08-12 01:30:37,01:00,906987379684182,1팀,120250444210740200,20.김자반밥바(ASC)(하이브리드)_A+SC캠페인_구매최적화_수_표준기여_3159_260726,2150,0,0,0
2026-08-12 01:30:37,01:00,906987379684182,1팀,120250444210900200,20.김자반밥바(ASC)(하이브리드)_TCPA_A+SC캠페인_ALL_C7_수_표준기여_3159_260726,1443,0,0,0
2026-08-12 01:30:37,01:00,906987379684182,1팀,120250444423310200,21.통살+그릴드(ASC)(하이브리드)_TROAS_A+SC캠페인_구매최적화_값_표준기여_3162_260726,3231,1,39300,1216.3416898792943
2026-08-12 01:30:37,01:00,906987379684182,1팀,120250444423320200,21.통살+그릴드(ASC)(하이브리드)_TCPA_A+SC캠페인_ALL_C7_수_표준기여_3162_260726,250,0,0,0
2026-08-12 01:30:37,01:00,906987379684182,1팀,120250444423330200,21.통살+그릴드(ASC)(하이브리드)_A+SC캠페인_구매최적화_수_표준기여_3162_260726,626,0,0,0
2026-08-12 01:30:37,01:00,906987379684182,1팀,120250475752460200,07.크리스피(ASC)(하이브리드)_TROAS_A+SC캠페인_구매최적화_값_표준기여_3078_260722(페르소나),36959,0,0,0
2026-08-12 01:30:37,01:00,906987379684182,1팀,120250614451020200,07.크리스피(ASC)(하이브리드)_A+SC캠페인_구매최적화_수_표준기여_3078_260728,2185,0,0,0
2026-08-12 01:30:37,01:00,906987379684182,1팀,120250614451040200,07.크리스피(ASC)(하이브리드)_TROAS_A+SC캠페인_구매최적화_값_표준기여_3078_260728,2914,0,0,0
2026-08-12 01:30:37,01:00,906987379684182,1팀,120250649570130200,07.크리스피(ASC)(하이브리드)_TROAS_A+SC캠페인_구매최적화_값_표준기여_3078_260802_AI,3733,0,0,0
2026-08-12 01:30:37,01:00,906987379684182,1팀,120250649570180200,07.크리스피(ASC)(하이브리드)_A+SC캠페인_구매최적화_수_표준기여_3078_260802_AI,2089,0,0,0
2026-08-12 01:30:37,01:00,906987379684182,1팀,120250856737330200,77.프로모션(ASC)(통크크)_TROAS_A+SC캠페인_구매최적화_값_표준기여_260806,1499,0,0,0
2026-08-12 01:30:37,01:00,906987379684182,1팀,120250856737340200,77.프로모션(ASC)(통크크)_TCPA_A+SC캠페인_ALL_C7_수_표준기여_260806,835,0,0,0
2026-08-12 01:30:37,01:00,906987379684182,1팀,120250856737350200,77.프로모션(ASC)(통크크)_A+SC캠페인_구매최적화_수_표준기여_260806,2019,0,0,0
2026-08-12 01:30:37,01:00,906987379684182,1팀,120250858093370200,01.통살(ASC)(하이브리드)_TROAS_A+SC캠페인_구매최적화_값_표준기여_3028_260806,2569,0,0,0
2026-08-12 01:30:37,01:00,906987379684182,1팀,120250858093380200,01.통살(ASC)(하이브리드)_TCPA_A+SC캠페인_ALL_C7_수_표준기여_3028_260806,1765,0,0,0
2026-08-12 01:30:37,01:00,906987379684182,1팀,120250858456470200,01.통살(ASC)(하이브리드)_A+SC캠페인_구매최적화_수_표준기여_3028_260806,630,0,0,0
2026-08-12 01:30:37,01:00,906987379684182,1팀,120250858902230200,07.크리스피(ASC)(메가딜)_A+SC캠페인_구매최적화_수_표준기여_2464_260806,2684,0,0,0
2026-08-12 01:30:37,01:00,906987379684182,1팀,120250858902240200,07.크리스피(ASC)(메가딜)_TCPA_A+SC캠페인_ALL_C7_수_표준기여_2464_260806,1114,0,0,0
2026-08-12 01:30:37,01:00,906987379684182,1팀,120250858902260200,07.크리스피(ASC)(메가딜)_TROAS_A+SC캠페인_구매최적화_값_표준기여_2464_260806,2084,0,0,0
2026-08-12 01:30:37,01:00,906987379684182,1팀,120250859130300200,16.안심크리스피(ASC)(메가딜)_TROAS_A+SC캠페인_구매최적화_값_표준기여_2908_260806,9713,0,0,0
2026-08-12 01:30:37,01:00,906987379684182,1팀,120250859130310200,16.안심크리스피(ASC)(메가딜)_TCPA_A+SC캠페인_ALL_C7_수_표준기여_2908_260806,992,0,0,0
2026-08-12 01:30:37,01:00,906987379684182,1팀,120250859130340200,16.안심크리스피(ASC)(메가딜)_A+SC캠페인_구매최적화_수_표준기여_2908_260806,2437,0,0,0
2026-08-12 01:30:37,01:00,906987379684182,1팀,120250859189800200,17.안심볶음밥(ASC)(메가딜)_A+SC캠페인_구매최적화_수_표준기여_2903_260806,1017,0,0,0
2026-08-12 01:30:37,01:00,906987379684182,1팀,120250859189810200,17.안심볶음밥(ASC)(메가딜)_TCPA_A+SC캠페인_ALL_C7_수_표준기여_2903_260806,1964,0,0,0
2026-08-12 01:30:37,01:00,906987379684182,1팀,120250859189820200,17.안심볶음밥(ASC)(메가딜)_TROAS_A+SC캠페인_구매최적화_값_표준기여_2903_260806,1816,0,0,0
2026-08-12 01:30:37,01:00,906987379684182,1팀,120250859259390200,20.김자반밥바(ASC)(메가딜)_TROAS_A+SC캠페인_구매최적화_값_표준기여_3003_260806,10409,0,0,0
2026-08-12 01:30:37,01:00,906987379684182,1팀,120250859259410200,20.김자반밥바(ASC)(메가딜)_TCPA_A+SC캠페인_ALL_C7_수_표준기여_3003_260806,1702,0,0,0
2026-08-12 01:30:37,01:00,906987379684182,1팀,120250859259430200,20.김자반밥바(ASC)(메가딜)_A+SC캠페인_구매최적화_수_가치조정_3003_260806,1693,0,0,0
2026-08-12 01:30:37,01:00,906987379684182,1팀,120250859367430200,20.김자반밥바(ASC)(하이브리드)_A+SC캠페인_구매최적화_수_가치조정_3159_260806,1939,0,0,0
2026-08-12 01:30:37,01:00,906987379684182,1팀,120250859367440200,20.김자반밥바(ASC)(하이브리드)_TCPA_A+SC캠페인_ALL_C7_수_표준기여_3159_260806,2432,0,0,0
2026-08-12 01:30:37,01:00,906987379684182,1팀,120250859367470200,20.김자반밥바(ASC)(하이브리드)_TROAS_A+SC캠페인_구매최적화_값_표준기여_3159_260806,2063,0,0,0
2026-08-12 02:12:33,02:00,906987379684182,1팀,120228320649100200,01.통살(ASC)(101010)_TCPA16000_A+SC 캠페인_ALL_V1C7_수_표준기여_2336,725,0,0,0
2026-08-12 02:12:33,02:00,906987379684182,1팀,120228788396590200,01.통살(ASC)(메가딜)_TCPA20000_A+SC 캠페인_ALL_V1C7_수_표준기여_1874,1919,0,0,0
2026-08-12 02:12:33,02:00,906987379684182,1팀,120230755324960200,07.크리스피(ASC)(메가딜)_A+SC 캠페인_구매최적화_수_표준기여_2464,418,0,0,0
2026-08-12 02:12:33,02:00,906987379684182,1팀,120237509836570200,07.크리스피(ASC)(메가딜)_TCPA16000_A+SC 캠페인_ALL_수_표준기여_2464,1233,0,0,0
2026-08-12 02:12:33,02:00,906987379684182,1팀,120243001852340200,01.통살(ASC)(101010)_TCPA16000_A+SC 캠페인_ALL_V1C7_수_표준기여_2336_02,448,0,0,0
2026-08-12 02:12:33,02:00,906987379684182,1팀,120243258462660200,07.크리스피(ASC)(101010)_A+SC 캠페인_구매최적화_수_표준기여_2659_260322,1133,0,0,0
2026-08-12 02:12:33,02:00,906987379684182,1팀,120243592510760200,16.안심크리스피(ASC)(메가딜)_TCPA14000_A+SC 캠페인_ALL_C7_수_표준기여_2863_260327,334,0,0,0
2026-08-12 02:12:33,02:00,906987379684182,1팀,120244128322750200,01.통살(ASC)(101010)_TCPA16000_A+SC 캠페인_ALL_V1C7_수_표준기여_2336_03,297,0,0,0
2026-08-12 02:12:33,02:00,906987379684182,1팀,120244130427210200,07.크리스피(ASC)(메가딜)_A+SC 캠페인_구매최적화_수_표준기여_2464_260404,584,0,0,0
2026-08-12 02:12:33,02:00,906987379684182,1팀,120244370408130200,17.안심볶음밥(ASC)(메가딜)_TCPA_A+SC 캠페인_ALL_C7_수_표준기여_2903_260409,668,0,0,0
2026-08-12 02:12:33,02:00,906987379684182,1팀,120246157174550200,17.안심볶음밥(ASC)(메가딜)_A+SC 캠페인_구매최적화_수_표준기여_2903_260507_남자,209,0,0,0
2026-08-12 02:12:33,02:00,906987379684182,1팀,120246224683700200,17.안심볶음밥(ASC)(메가딜)_A+SC 캠페인_구매최적화_수_표준기여_2903_260507_남자_02,687,0,0,0
2026-08-12 02:12:33,02:00,906987379684182,1팀,120246397028850200,07.크리스피(ASC)(통합)_A+SC 캠페인_구매최적화_수_표준기여_통합_260511,661,0,0,0
2026-08-12 02:12:33,02:00,906987379684182,1팀,120246898203940200,03.닭다리살(ASC)(1010)_A+SC캠페인_구매최적화_수_표준기여_2604_260519,248,0,0,0
2026-08-12 02:12:33,02:00,906987379684182,1팀,120246898384670200,03.닭다리살(ASC)(1010)_TROAS_A+SC캠페인_구매최적화_값_표준기여_2604_260519,4346,0,0,0
2026-08-12 02:12:33,02:00,906987379684182,1팀,120247354343980200,20.김자반밥바(ASC)(메가딜)_TCPA_A+SC캠페인_ALL_C7_수_표준기여_3003_260527,1089,0,0,0
2026-08-12 02:12:33,02:00,906987379684182,1팀,120247379361950200,07.크리스피(ASC)(1010)_A+SC캠페인_구매최적화_수_표준기여_2992_260527,180,0,0,0
2026-08-12 02:12:33,02:00,906987379684182,1팀,120247379587080200,07.크리스피(ASC)(1010)_TROAS_A+SC캠페인_구매최적화_값_표준기여_2992_260527,1191,0,0,0
2026-08-12 02:12:33,02:00,906987379684182,1팀,120247842896910200,20.김자반밥바(ASC)(메가딜)_A+SC캠페인_구매최적화_수_표준기여_3003_260603,258,0,0,0
2026-08-12 02:12:33,02:00,906987379684182,1팀,120248207670120200,17.안심볶음밥(ASC)(메가딜)_A+SC 캠페인_구매최적화_수_표준기여_2903_260609_남자(가치조정),1163,0,0,0
2026-08-12 02:12:33,02:00,906987379684182,1팀,120248361514480200,01.통살(ASC)(하이브리드)_TCPA_A+SC캠페인_ALL_C7_수_표준기여_3028_260611,60,0,0,0
2026-08-12 02:12:33,02:00,906987379684182,1팀,120248361514580200,01.통살(ASC)(하이브리드)_TROAS_A+SC캠페인_구매최적화_값_표준기여_3028_260611,650,0,0,0
2026-08-12 02:12:33,02:00,906987379684182,1팀,120248762624470200,17.안심볶음밥(ASC)(메가딜)_TROAS_A+SC캠페인_구매최적화_값_표준기여_2903_260705,557,0,0,0
2026-08-12 02:12:33,02:00,906987379684182,1팀,120248762761370200,17.안심볶음밥(ASC)(메가딜)_A+SC캠페인_구매최적화_수_표준기여_2903_260705,228,0,0,0
2026-08-12 02:12:33,02:00,906987379684182,1팀,120248762858730200,16.안심크리스피(ASC)(메가딜)_A+SC 캠페인_구매최적화_수_표준기여_2908_260720(페르소나),1867,0,0,0
2026-08-12 02:12:33,02:00,906987379684182,1팀,120248763306900200,16.안심크리스피(ASC)(메가딜)_TCPA_A+SC캠페인_ALL_C7_수_표준기여_2908_260621,445,0,0,0
2026-08-12 02:12:33,02:00,906987379684182,1팀,120248763797300200,21.통살+그릴드(ASC)(메가딜)_TROAS_A+SC캠페인_구매최적화_값_표준기여_3068_260617,1350,0,0,0
2026-08-12 02:12:33,02:00,906987379684182,1팀,120248763797350200,21.통살+그릴드(ASC)(메가딜)_A+SC캠페인_구매최적화_수_표준기여_3068_260617,39,0,0,0
2026-08-12 02:12:33,02:00,906987379684182,1팀,120249317264110200,07.크리스피(ASC)(하이브리드)_A+SC캠페인_구매최적화_수_표준기여_3078_260713,2699,0,0,0
2026-08-12 02:12:33,02:00,906987379684182,1팀,120249317264120200,07.크리스피(ASC)(하이브리드)_TCPA_A+SC캠페인_ALL_C7_수_표준기여_3078_260713,330,0,0,0
2026-08-12 02:12:33,02:00,906987379684182,1팀,120249317264140200,07.크리스피(ASC)(하이브리드)_TROAS_A+SC캠페인_구매최적화_값_표준기여_3078_260713,9666,0,0,0
2026-08-12 02:12:33,02:00,906987379684182,1팀,120249873291990200,07.크리스피(ASC)(1010)_TROAS_A+SC캠페인_구매최적화_값_표준기여_2992_260705,1470,0,0,0
2026-08-12 02:12:33,02:00,906987379684182,1팀,120249873905240200,07.크리스피(ASC)(101010)_TROAS_A+SC캠페인_구매최적화_값_표준기여_2659_260705,1848,0,0,0
2026-08-12 02:12:33,02:00,906987379684182,1팀,120249873905280200,07.크리스피(ASC)(101010)_A+SC캠페인_구매최적화_수_표준기여_2659_260705,36,0,0,0
2026-08-12 02:12:33,02:00,906987379684182,1팀,120249875227840200,16.안심크리스피(ASC)(메가딜)_A+SC캠페인_구매최적화_수_표준기여_2908_260705,287,0,0,0
2026-08-12 02:12:33,02:00,906987379684182,1팀,120249875227870200,16.안심크리스피(ASC)(메가딜)_TCPA_A+SC캠페인_ALL_C7_수_표준기여_2908_260705,37,0,0,0
2026-08-12 02:12:33,02:00,906987379684182,1팀,120249876219490200,20.김자반밥바(ASC)(메가딜)_A+SC캠페인_구매최적화_수_표준기여_3003_260705,245,0,0,0
2026-08-12 02:12:33,02:00,906987379684182,1팀,120249876219520200,20.김자반밥바(ASC)(메가딜)_TROAS_A+SC캠페인_구매최적화_값_표준기여_3003_260705,2735,0,0,0
2026-08-12 02:12:33,02:00,906987379684182,1팀,120249878429160200,01.통살(ASC)(하이브리드)_TROAS_A+SC캠페인_구매최적화_값_표준기여_3028_260705,1244,0,0,0
2026-08-12 02:12:33,02:00,906987379684182,1팀,120249878429240200,01.통살(ASC)(하이브리드)_A+SC캠페인_구매최적화_수_표준기여_3028_260705,92,0,0,0
2026-08-12 02:12:33,02:00,906987379684182,1팀,120250098930220200,01.통살(ASC)(101010)_TROAS_A+SC캠페인_구매최적화_값_표준기여_2336_260712,4130,0,0,0
2026-08-12 02:12:33,02:00,906987379684182,1팀,120250099159310200,07.크리스피(ASC)(메가딜)_A+SC캠페인_구매최적화_수_표준기여_2464_260712,570,0,0,0
2026-08-12 02:12:33,02:00,906987379684182,1팀,120250099159320200,07.크리스피(ASC)(메가딜)_TROAS_A+SC캠페인_구매최적화_값_표준기여_2464_260712,532,0,0,0
2026-08-12 02:12:33,02:00,906987379684182,1팀,120250099159330200,07.크리스피(ASC)(메가딜)_TCPA_A+SC캠페인_ALL_C7_수_표준기여_2464_260712,125,0,0,0
2026-08-12 02:12:33,02:00,906987379684182,1팀,120250099335020200,77.프로모션(ASC)(줄리엔강)_TCPA_A+SC캠페인_ALL_C7_수_표준기여_260713,465,0,0,0
2026-08-12 02:12:33,02:00,906987379684182,1팀,120250099335030200,77.프로모션(ASC)(줄리엔강)_TROAS_A+SC캠페인_구매최적화_값_표준기여_260713,287,0,0,0
2026-08-12 02:12:33,02:00,906987379684182,1팀,120250268133470200,03.닭다리살(ASC)(하이브리드)_TROAS_A+SC캠페인_구매최적화_값_표준기여_3111_260726,270,0,0,0
2026-08-12 02:12:33,02:00,906987379684182,1팀,120250444210730200,20.김자반밥바(ASC)(하이브리드)_TROAS_A+SC캠페인_구매최적화_값_표준기여_3159_260726,285,0,0,0
2026-08-12 02:12:33,02:00,906987379684182,1팀,120250444210740200,20.김자반밥바(ASC)(하이브리드)_A+SC캠페인_구매최적화_수_표준기여_3159_260726,215,0,0,0
2026-08-12 02:12:33,02:00,906987379684182,1팀,120250444210900200,20.김자반밥바(ASC)(하이브리드)_TCPA_A+SC캠페인_ALL_C7_수_표준기여_3159_260726,321,0,0,0
2026-08-12 02:12:33,02:00,906987379684182,1팀,120250444423310200,21.통살+그릴드(ASC)(하이브리드)_TROAS_A+SC캠페인_구매최적화_값_표준기여_3162_260726,1110,0,0,0
2026-08-12 02:12:33,02:00,906987379684182,1팀,120250444423320200,21.통살+그릴드(ASC)(하이브리드)_TCPA_A+SC캠페인_ALL_C7_수_표준기여_3162_260726,70,0,0,0
2026-08-12 02:12:33,02:00,906987379684182,1팀,120250444423330200,21.통살+그릴드(ASC)(하이브리드)_A+SC캠페인_구매최적화_수_표준기여_3162_260726,32,0,0,0
2026-08-12 02:12:33,02:00,906987379684182,1팀,120250475752460200,07.크리스피(ASC)(하이브리드)_TROAS_A+SC캠페인_구매최적화_값_표준기여_3078_260722(페르소나),5146,0,0,0
2026-08-12 02:12:33,02:00,906987379684182,1팀,120250614451020200,07.크리스피(ASC)(하이브리드)_A+SC캠페인_구매최적화_수_표준기여_3078_260728,291,0,0,0
2026-08-12 02:12:33,02:00,906987379684182,1팀,120250614451040200,07.크리스피(ASC)(하이브리드)_TROAS_A+SC캠페인_구매최적화_값_표준기여_3078_260728,462,0,0,0
2026-08-12 02:12:33,02:00,906987379684182,1팀,120250649570130200,07.크리스피(ASC)(하이브리드)_TROAS_A+SC캠페인_구매최적화_값_표준기여_3078_260802_AI,778,0,0,0
2026-08-12 02:12:33,02:00,906987379684182,1팀,120250649570150200,07.크리스피(ASC)(하이브리드)_TCPA_A+SC캠페인_ALL_C7_수_표준기여_3078_260802_AI,9,0,0,0
2026-08-12 02:12:33,02:00,906987379684182,1팀,120250649570180200,07.크리스피(ASC)(하이브리드)_A+SC캠페인_구매최적화_수_표준기여_3078_260802_AI,602,0,0,0
2026-08-12 02:12:33,02:00,906987379684182,1팀,120250856737330200,77.프로모션(ASC)(통크크)_TROAS_A+SC캠페인_구매최적화_값_표준기여_260806,253,0,0,0
2026-08-12 02:12:33,02:00,906987379684182,1팀,120250856737340200,77.프로모션(ASC)(통크크)_TCPA_A+SC캠페인_ALL_C7_수_표준기여_260806,90,0,0,0
2026-08-12 02:12:33,02:00,906987379684182,1팀,120250856737350200,77.프로모션(ASC)(통크크)_A+SC캠페인_구매최적화_수_표준기여_260806,444,0,0,0
2026-08-12 02:12:33,02:00,906987379684182,1팀,120250858093370200,01.통살(ASC)(하이브리드)_TROAS_A+SC캠페인_구매최적화_값_표준기여_3028_260806,419,0,0,0
2026-08-12 02:12:33,02:00,906987379684182,1팀,120250858093380200,01.통살(ASC)(하이브리드)_TCPA_A+SC캠페인_ALL_C7_수_표준기여_3028_260806,48,0,0,0
2026-08-12 02:12:33,02:00,906987379684182,1팀,120250858456470200,01.통살(ASC)(하이브리드)_A+SC캠페인_구매최적화_수_표준기여_3028_260806,86,0,0,0
2026-08-12 02:12:33,02:00,906987379684182,1팀,120250858902230200,07.크리스피(ASC)(메가딜)_A+SC캠페인_구매최적화_수_표준기여_2464_260806,362,0,0,0
2026-08-12 02:12:33,02:00,906987379684182,1팀,120250858902240200,07.크리스피(ASC)(메가딜)_TCPA_A+SC캠페인_ALL_C7_수_표준기여_2464_260806,164,0,0,0
2026-08-12 02:12:33,02:00,906987379684182,1팀,120250858902260200,07.크리스피(ASC)(메가딜)_TROAS_A+SC캠페인_구매최적화_값_표준기여_2464_260806,173,0,0,0
2026-08-12 02:12:33,02:00,906987379684182,1팀,120250859130300200,16.안심크리스피(ASC)(메가딜)_TROAS_A+SC캠페인_구매최적화_값_표준기여_2908_260806,1852,0,0,0
2026-08-12 02:12:33,02:00,906987379684182,1팀,120250859130310200,16.안심크리스피(ASC)(메가딜)_TCPA_A+SC캠페인_ALL_C7_수_표준기여_2908_260806,168,0,0,0
2026-08-12 02:12:33,02:00,906987379684182,1팀,120250859130340200,16.안심크리스피(ASC)(메가딜)_A+SC캠페인_구매최적화_수_표준기여_2908_260806,360,0,0,0
2026-08-12 02:12:33,02:00,906987379684182,1팀,120250859189800200,17.안심볶음밥(ASC)(메가딜)_A+SC캠페인_구매최적화_수_표준기여_2903_260806,285,0,0,0
2026-08-12 02:12:33,02:00,906987379684182,1팀,120250859189810200,17.안심볶음밥(ASC)(메가딜)_TCPA_A+SC캠페인_ALL_C7_수_표준기여_2903_260806,346,0,0,0
2026-08-12 02:12:33,02:00,906987379684182,1팀,120250859189820200,17.안심볶음밥(ASC)(메가딜)_TROAS_A+SC캠페인_구매최적화_값_표준기여_2903_260806,391,0,0,0
2026-08-12 02:12:33,02:00,906987379684182,1팀,120250859259390200,20.김자반밥바(ASC)(메가딜)_TROAS_A+SC캠페인_구매최적화_값_표준기여_3003_260806,1733,0,0,0
2026-08-12 02:12:33,02:00,906987379684182,1팀,120250859259410200,20.김자반밥바(ASC)(메가딜)_TCPA_A+SC캠페인_ALL_C7_수_표준기여_3003_260806,470,0,0,0
2026-08-12 02:12:33,02:00,906987379684182,1팀,120250859259430200,20.김자반밥바(ASC)(메가딜)_A+SC캠페인_구매최적화_수_가치조정_3003_260806,287,0,0,0
2026-08-12 02:12:33,02:00,906987379684182,1팀,120250859367430200,20.김자반밥바(ASC)(하이브리드)_A+SC캠페인_구매최적화_수_가치조정_3159_260806,233,0,0,0
2026-08-12 02:12:33,02:00,906987379684182,1팀,120250859367440200,20.김자반밥바(ASC)(하이브리드)_TCPA_A+SC캠페인_ALL_C7_수_표준기여_3159_260806,347,0,0,0
2026-08-12 02:12:33,02:00,906987379684182,1팀,120250859367470200,20.김자반밥바(ASC)(하이브리드)_TROAS_A+SC캠페인_구매최적화_값_표준기여_3159_260806,322,0,0,0
